question,label,Set_1_match,Set_2_match
Om welke redenen wordt het bedrag in het definitieve GIP 2023 deels ingeschreven als reserve Om welke redenen wordt het totaalbedrag verhoogd in het definitieve GIP 2023?,0,0,0
Heeft de Openbare Vlaamse Afvalstoffenmaatschappij (OVAM) via het LIFE IP-project C-MARTLIFE al onderzoek gevoerd naar het nemen van bijkomende maatregelen?,0,0,0
Welke opportuniteiten ziet de minister om de Europese samenwerkingsverbanden rond Erfgoed verder te ontwikkelen en te versterken?,0,0,0
Over welke projectaanvragen gaat het?,0,0,0
Wat is de verdere timing en planning van het project?,0,0,0
Wordt bij de toewijzing van een opdracht ook telkens bekendgemaakt welke inschrijver de opdracht toegewezen kreeg?,0,0,0
"Is het zwarte kruispunt aangepakt? Zo ja, door middel van welke ingrepen is dat gebeurd?",0,0,0
"Is dat intussen wel al het geval? Zo ja, hoeveel kilometer werd er door elke provincie in 2021 geruimd?",1,1,0
Wanneer vond het laatste overleg met de projectstuurgroep plaats?,0,0,0
Hoe staat de minister tegenover deze actie?,0,0,0
Hoeveel bedraagt het resterende totaalbudget?,1,1,1
Is dit een nieuw zwarte punt in de dynamische lijst gevaarlijke verkeerspunten?,0,0,0
Werd er een kans gegeven tot rechtzetting?,0,0,0
In welke mate kan beroepservaring als verpleegkundige in het buitenland een rol spelen bij het gelijkstellen van een diploma verpleegkunde?,0,0,0
"Wordt een andere aanpak gehanteerd in rekruteringscampagnes in verstedelijkte gebieden ten opzichte van landelijke gebieden? Zo ja, hoe verschilt deze aanpak?",0,0,0
Wat was het precieze doel van de briefing?,0,0,0
"Heeft de minister intussen persoonlijk contact gehad met Audi Brussel? Zo ja, wat was het resultaat van die besprekingen?",0,0,0
Wordt deze subsidie als relevant en effectief beoordeeld door de minister?,0,0,0
Kan de minister voor de in deelvraag 1 bedoelde bedragen een opdeling van de totaalbedragen per religie of levensbeschouwelijke strekking geven?,1,0,0
Met andere woorden hoeveel geeft Vlaanderen uit aan een sessie begeleiding begeleid werken per gebruiker en hoeveel betaalt de gebruiker zelf?,1,1,0
Hoeveel land - en tuinbouwers staan er ondertussen op de wachtlijst?,1,1,1
Hoeveel nieuwe aanmeldingen gebeurden er dit jaar al tot en met september?,1,1,1
"Momenteel wordt de planning van de formele vergunnings- en aanbestedingsprocedures nader uitgewerkt.”Werd de planning van de formele vergunnings- en aanbestedingsprocedures intussen nader uitgewerkt? Zo ja, kan de minister ze ter beschikking stellen?",0,0,0
"In het overzicht van alle aangegeven knelpunten worden er 2 geselecteerde knelpunten vermeld op het grondgebied van de gemeente Borsbeek, 2 knelpunten in de gemeente Ranst en 1 in Zandhoven:Borsbeek KS769 Boechoutsesteenweg Subsidie lokaal2.Borsbeek KS768 Kruispunt Herentalsebaan en Tibert/Laarstraat Quick win3.Ranst KS321 Kruispunt Stapstraat - N14 Verder onderzoek4.Ranst KS322 Ranstsesteenweg - N14 Quick Win5.Zandhoven KS342 Liersebaan tussen kruispunt Herentalsebaan en kruispunt Nijlensesteenweg Groot projectKan de minister per opgesomd knelpunt informatie verstrekken over de volgende gegevens, (voor zover deze nog niet worden verstrekt in de hierboven aangehaalde lijst):a.de exacte locatie van het knelpunt (via straatnaam/huisnummer);b.de schoolinstelling die op de route van het knelpunt ligt;indien de werkzaamheden ter verbetering van het knelpunt al volledig zijn afgerond: een beschrijving van de gedane werkzaamheden en hoe deze bijdragen tot een verkeersveiliger situatie;indien de werkzaamheden nog niet voltooid zijn: de concrete ingrepen die gepland zijn;e.de stappen (administratief, procedureel, juridisch etc…) die al werden gezet bij de aanpak van het knelpunt;f.de timing en fasering die worden gehanteerd voor de effectieve werken met vermelding van de effectieve startdatum;g.de (meest recente raming van de) kostprijs van de werken;h.de datum van het laatste overleg met het gemeentebestuur over de aanpak van het knelpunt met de daarbij gemaakte afspraken?",0,1,0
"Wanneer werd de aanvraagmodule bij VLAIO opengesteld, zodat land- en tuinbouwbedrijven een overbruggingsregeling bij PMV konden aanvragen?",0,0,0
Hoe verloopt de operationalisering van de nieuwe criteria waarbij ook wordt gekeken naar de maatschappelijke baten?,0,0,0
Wat kan en moet het verschil zijn met de voorgaande regelingen die uiteindelijk geschrapt of opgeschort werden?,0,0,0
Over flexvervoer in het algemeen?,0,0,0
"Zal de minister daartoe initiatief nemen om dit, samen met de collega's, aan te pakken ?",0,0,0
Wat is de verhouding tussen de gegronde en de ongegronde klachten?,1,0,0
Wanneer zal de volgende en zevende oproep plaatsvinden?,0,0,0
Was er afstemming met de NMBS met betrekking tot de lijnen die vertrekken en aankomen aan het station van Genk?,0,0,0
"Konden alle werken die gepland werden in 2022, worden uitgevoerd?",0,0,0
Kan de minister het eindrapport b.t. de cititzen journey horeca ter beschikking stellen?,0,0,0
Hoeveel medewerkers van de Vlaamse overheid hebben een functie die het zou toelaten om van thuis uit werk te verrichten?,1,1,1
Hoeveel ambtenaren hebben al gebruikgemaakt van deze initiatieven?,1,1,1
Als de norm van 3% in 2020 niet gehaald is: Wanneer schat de minister dat die dan wel zal gehaald worden?,0,0,0
Werkt VDAB samen met andere Vlaamse entiteiten zoals De Lijn (LijnCom)?,0,0,0
Wat is de exacte timing voor de werken?,0,0,0
"Zijn er aanvragen die zijn ingediend waarvoor nog geen beslissing tot toekenning dan wel weigering is genomen? Zo ja, over hoeveel aanvragen gaat het meer concreet?",1,1,0
Hoe wordt gecontroleerd of de diensten voor gastopvang de nodige initiatieven nemen om tegemoet te komen aan het kwaliteitsdecreet?,0,0,0
Zijn er andere partners die mee instaan voor de cofinanciering?,0,0,0
Wat is de visie Welke klasse inrichting is een batterijpark?,0,0,0
Hoeveel aanvragen werden in 2023 afgewezen?,1,1,1
Welke leegstand was er de afgelopen vijf jaren in de woonzorgcentra?,0,0,0
"Zo niet, waarom niet?",0,0,0
"Wat zijn de voorschriften en richtlijnen met betrekking tot de toegankelijkheid en veiligheid van voertuigen gebruikt voor flexvervoer, met name voor passagiers met een beperking en rolstoelgebruikers in het bijzonder?",0,0,0
Ziet de minister nog andere zaken waarop de vzw de focus moet leggen?,0,0,0
Is er al een impactanalyse gemaakt of lopende van de mogelijke impact van de elektrificatie op de Vlaamse industrie?,0,0,0
Hoeveel werkzoekenden hebben een beroep gedaan op een voordelig trein- en/of busticket via VDAB om te gaan solliciteren?,1,1,1
Hoeveel ambtenaren hebben de afgelopen jaren van die initiatieven genoten?,1,1,1
Graag alle data in Excel beschikbaar stellen.,0,0,0
"Is de minister van plan om daar verandering in te brengen? Zo ja, binnen welke termijn en op welke manier?",0,0,0
Beschikt de minister over een plan van aanpak en bijhorende timing?,0,0,0
Hoeveel ton gemeentevuil is er door de gemeenten in 2020 opgehaald?,1,1,1
Welke verdere stappen plant de minister?,0,0,0
Kan de minister de exacte samenstelling van de plangroep meedelen die voor de opmaak en (nadien ook uitvoering) van dit strategische beleidsplan is opgericht?,0,0,0
Hoe wordt deze vorm van ondersteuning voor en kwaliteitsverbetering in de kinderopvang geëvalueerd?,0,0,0
"Openbare werkenN28 Ninoofsesteenweg Pepingen - WerkenHet Agentschap Wegen en Verkeer (AWV) voert momenteel aanpassingen uit aan het kruispunt van de Ninoofsesteenweg met de Eikstraat in Pepingen, inclusief nieuwe oversteekplaatsen en punctuele verlichting:https://wegenenverkeer.be/werken/veiliger-oversteken-op-ninoofsesteenweg-aan-kruispunt-met-eikstraat1. Waarom wordt de oversteek aan de Beertstraat (1 km verderop richting Halle) niet gelijktijdig aangepakt?",0,0,0
Hoeveel meldingen voor grondwaterputten werden er gemaakt door bedrijven in de landbouwsector?,1,1,1
Vallen ook de organisaties die vallen onder het lokaal cultuurbeleid nog steeds onder de timing van eind 2016 of werd die timing gelijkgesteld met die van overheidswebsites en apps?,0,0,0
"Wanneer de subsidies toelaten om reserve op te bouwen, dan graag per CAW en per onderscheiden subsidie een overzicht van de opgebouwde reserves ten laste van elk Heeft de minister ook inzicht in de eigen inkomsten die de CAW’s boeken voor de gesubsidieerde activiteiten?",0,0,0
"Kan een overzicht gegeven worden van die knelpunten met opname van locatie, het probleem van dit knelpunt, welke maatregelen hier genomen zullen worden en welke verdere stappen en timing hierin worden vooropgesteld?",0,0,0
Welke lessen kunnen we hieruit trekken op het vlak van de afstemming tussen de zorgplatformen en de ziekenhuisnetwerken?,0,0,0
Worden er nog andere talen gevraagd in vacatures van 2021?,0,0,0
Voor welke specifieke verkeersgebruiker is dit punt in het bijzonder gevaarlijk?,0,0,0
Worden die gedownloade titels ook automatisch verwijderd na de uitleenperiode?,0,0,0
"Ziet hij nood aan bijsturing van het handhavingsbeleid? Zo ja, wat is het plan van aanpak en de timing?",0,0,0
Merkt ze een onderscheid tussen de provincies waar Engie concessiehouder is of waar Total Energies concessiehouder is?,0,0,0
"Werden er ook bestekken teruggetrokken wegens annulatie, eigen keuze of wettelijke regeling? Zo ja, hoeveel?",1,1,0
Welke andere partners staan mee in voor de financiering?,0,0,0
Is er een minimumresponsgraad?,0,0,0
"Op welke cijfers, metingen, aannames, … is die precies gebaseerd?",0,1,0
Bij hoeveel dossiers moest het voorschot niet volledig terugbetaald worden?,1,1,0
Zijn er verschillen per provincie?,0,0,0
Welke initiatieven zal de minister nog nemen om stallen brandveiliger te maken?,0,0,0
In het licht daarvan zal ik de adviesverplichting in de procedure tot ongeschikt- en onbewoonbaarverklaring herbekijken en het goedkeuringstoezicht met betrekking tot de gemeentelijke woningkwaliteitsreglementen vervangen door een goed uitgebouwde ondersteuning.” Kan de minister dit alles wat meer toelichten?,0,0,0
In welke mate staan zij open voor de inplanting van dat centrum in Vlaanderen?,0,0,0
Zijn er nog andere stukken van het traject van de fietssnelweg F4 die niet verlicht zijn?,0,0,0
Welke stappen dienen er nog te gebeuren voor de uitvoering van de werken aangevat kan worden?,0,0,0
"Vallen deze brieven volgens de minister onder noodzakelijke kabinetscommunicatie binnen zijn bevoegdheidsdomein als minister, rekening houdend met de normen en regelgeving rond overheidscommunicatie?",0,0,0
Wat is momenteel de stand van zaken betreffende deze groep van ongevaccineerde risicopatiënten?,0,0,0
Hoe worden de slaagkansen en motivatie gemeten?,0,0,0
"Graag ook de beoordeling (terecht, niet terecht) en de opvolging ervan (aanpassen maaidata of geen aanpassingen nodig).",0,0,0
"Graag had ik een overzicht gekregen van het aantal directeurs in het basisonderwijs met een korte/beperkte opdracht van minder dan 1/3, meer dan 1/3 maar minder dan 2/3 en meer dan 2/3 maar geen fulltime?",1,1,0
Is AWV op de hoogte van deze problematiek?,0,0,0
Specifiek over de zelftesten en CO2-meters: Hoeveel zelftesten en CO2-meters werden tot nu toe in totaal besteld om in te zetten binnen de kinderopvang?,1,1,0
Hoeveel van deze aanvragen werden op het Vlaamse niveau ontvankelijk verklaard in 2021 en hoeveel van die dossiers werden doorgestuurd naar de Dienst Vreemdelingenzaken (DVZ) voor de veiligheidscontrole?,1,1,1
"Graag ook de gegevens voor deelvragen en voor de volgende groepen generatiestudenten en trajectstarters: studenten met een handicap (VAPH-definitie), werkstudenten, beursstudenten, studenten per niveau aso, tso, bso en naar gender.",1,1,0
Hoe verhouden zowel het aantal aanvragen als effectief toegekende West-Vlaamse eerste certificaten zich tegenover voorgaande jaren 2019 en 2020?,1,1,0
"Graag kreeg ik een antwoord op volgende vragen voor de periode van 2020 tot nu, opgedeeld per jaar:Hoeveel bestekken werden door de administraties, agentschappen en andere instanties die onder de bevoegdheid van de minister vallen uitgeschreven?",1,1,0
"Met welke stakeholders zit de minister samen om deze aanbevelingen, en energiearmoede in het algemeen, aan te pakken?",0,0,0
Waaraan zijn die evoluties te danken en hoe wenst hij dit verder aan te pakken?,0,0,0
"Hoeveel ambtenaren van de onder de bevoegdheid van de minister vallende departementen, IVA’s en EVA’s waar het Vlaams Personeelsstatuut van kracht is, hebben verlof gekregen voor het uitoefenen van een ambt bij een erkende politieke fractie (artikel 55 van het VPS)? Graag de toestand op 1 januari Hoeveel ambtenaren van de onder de bevoegdheid van de minister vallende departementen, IVA’s en EVA’s waar het Vlaams Personeelsstatuut van kracht is, hebben dienstvrijstelling verkregen in 2019, 2020 en 2021 wegens politieke activiteiten (artikel X 65 van het VPS), hoeveel hebben dienstvrijstelling (facultatief politiek verlof) gevraagd in deze periodes wegens politieke activiteiten (artikel X 66 67 van het VPS)?",1,1,1
Wat was het resultaat van de gedachtewisseling met Plan International?,0,0,0
Wat is de stand van zaken van dit project?,0,0,0
Hoe is de keuze voor offlineopleidingen en onlineopleidingen de afgelopen jaren geëvolueerd?,0,0,0
Welk budget werd hiervoor uitgetrokken?,1,0,0
Worden de onrechtmatig verkregen toeslagrechten teruggevorderd?,0,0,0
Wat is het concept en aanpak en wanneer zouden ze operationeel moeten zijn?,0,0,0
Zijn al deze centra bereikbaar via het openbaar vervoer?,0,0,0
Klopt het dat anderstalige kinderen een IQ-test moeten afleggen en dat zij daarvoor moeten slagen om terugbetaling te krijgen?,0,0,0
Op welke artikelen van de wegcode beroept de minister zich voor haar standpunt?,0,0,0
"Welke eventuele werken, niet-infrastructurele maatregelen of verbeteringen worden gepland?",0,0,0
Wat is de vooropgestelde timing en fasering die bij de werkzaamheden gehanteerd zal worden?,0,0,0
Welke investeringen worden gepland?,0,0,0
Hoeveel bedroeg hun kostprijs?,1,1,1
"Hoeveel middelen van de gereserveerde 12,4 miljoen euro (VV005) worden er vrijgemaakt voor dit ondersteuningskader?",1,1,1
Hoeveel hebben andere financiële vergoedingen genoten?,1,1,1
"Indien dit systeem naar de toekomst niet zou worden toegepast, wat zijn daarvoor de redenen?",0,0,0
Is er een resultaatverbintenis ter zake met De Lijn?,0,0,0
Vanuit welke budgetten werd de schenking gedaan?,0,0,0
Hoeveel sessies werden er van elk van deze opleidingen de voorbije vijf jaar georganiseerd?,1,1,1
"Werden door Vlaanderen dossiers op de agenda gezet? Zo ja, welke?",0,0,0
Kan hij aangeven op welke manier hier rekening mee wordt gehouden bij het toekennen van eventuele toekomstige subsidies?,0,0,0
Hoe verhoudt zich dat tot 30 december 2021?,0,0,0
Hoe evalueert de minister de laatste klanttevredenheidsmeting van het Agentschap Overheidspersoneel?,0,0,0
"Graag uitgesplitst volgens emissiebronnen, verteringsprocessen en mestopslag.",0,0,0
Hoeveel van de onderzochte statutaire ambtenaren kregen van de onderzoekscommissie te horen dat zij niet op vervroegd medisch pensioen dienden te gaan in 2021?,1,1,1
Graag in procenten voor het jaar Het aantal dat een job uitoefent in het midden- en topkader van de Vlaamse overheid.,1,1,0
Heeft de minister overleg gehad met de buurt over dit project?,0,0,0
Zijn de provisies daartoe gereserveerd?,0,0,0
Hoe is het aantal consulenten van VDAB dat zich bezighield met het activeren en bemiddelen van niet-werkende werkzoekenden geëvolueerd in 2020 en 2021?,1,1,0
"Graag een overzicht: per jaar; per provincie; naargelang ze het examen voor de eerste, tweede of derde keer of meer aflegden; naargelang de verdeling op basis van het geslacht; naargelang de leeftijd.",0,0,0
Hoeveel personen uit Denderleeuw in tijdelijke werkloosheid werden gecontacteerd door VDAB ?,1,1,1
Welke ongevalsscore heeft dit kruispunt? Graag een overzicht en een opsplitsing per jaar van de referentieperiode 2018-Klopt het dat dit een nieuw punt is op de dynamische lijst gevaarlijke verkeerspunten?,0,0,0
"Indien er nog geen geluidsmetingen plaatsvonden, wanneer worden die gedaan?",0,0,0
Wat is het kostenbestel voor de realisatie van deze vrije vismigratie?,0,0,0
Kan de minister een jaarlijks overzicht geven van alle subsidies en andere tegemoetkomingen (bijvoorbeeld premies) die sinds 2014 werden toegekend aan bedrijven in de Vlaamse automobielsector?,1,0,0
"Over hoeveel en welke projecten ging het, opgedeeld per provincie?",0,1,0
"Als de Vlaamse overheid een dergelijke toets niet uitvoert, wat is daarvoor dan de reden?",0,0,0
Waarom worden zoveel mensen vrijgesteld van de opleiding?,0,0,0
Zal de conformiteit van de fietspaden in het nieuwe rapport al worden opgemaakt op basis van het nieuwe fietsvademecum dat weldra gepubliceerd wordt?,0,0,0
Waarom wel/niet?,0,0,0
Wie oefent controle uit op de geoorloofde toepassing ervan?,0,0,0
Hoe evalueert hij die stand van zaken?,0,0,0
Klopt het dat dit initiatief momenteel uitsluitend terug te vinden is op de website van de minister en niet op de daartoe bestemde officiële sites van de Vlaamse overheid?,0,0,0
Wanneer?,0,0,0
Hoe verklaart de minister deze verschillen?,0,0,0
Op welke manier zal de verkeershinder beperkt worden tijdens de werkzaamheden?,0,0,0
Wat is hun respectieve inbreng?,0,0,0
Welke controles worden er uitgevoerd b.t. de uitgaven en door wie?,0,0,0
Welke stappen zijn er genomen en staan nog gepland in de verdere operationalisering?,0,0,0
"Hoeveel trajecten voor gemeenschapsdienst zijn momenteel voorzien, maar nog vacant?",1,1,1
Wat is het concrete probleem op dat kruispunt?,0,0,0
Hoeveel fietsvakanties werden er in Vlaanderen geboekt?,1,1,1
Welke lerarenopleidingen werden door hen gevolgd en door hoeveel werd elke lerarenopleiding gevolgd?,1,1,0
Hoeveel indieners werden er geregistreerd?,1,1,1
Bij hoeveel personeelsleden werd de afgelopen vijf jaar de tijdelijke arbeidsovereenkomst verlengd buiten het objectief wervingssysteem?,1,1,0
Hoe ziet de minister initiatieven op lidstaatniveau om plastic verpakkingen te verbieden in het licht van de eengemaakte Europese markt?,0,0,0
"Kan de minister ook een overzicht bezorgen van de projecten die in het verleden al principieel voor subsidiëring zijn goedgekeurd en nog moeten worden gerealiseerd in het arrondissement Oudenaarde (met vermelding gemeente, project, bedrag)?",0,0,0
"Hoe werden die externe partijen aangesteld (overheidsopdracht, procedure enzovoort)?",0,0,0
Langs hoeveel kilometer van die wegen ligt er een aanliggend tweerichtingsfietspad?,1,1,0
Heeft het decreet van 2021 gevolgen gehad voor of een impact gehad op de uitbetaling Hoe evalueert de minister die gegevens?,0,1,0
In welke mate waren die ontslagen aantoonbaar te wijten aan het tenderbeleid van VDAB naar het activeren van mensen met een arbeidshandicap?,0,0,0
Hoeveel werkzoekenden hebben de afgelopen vijf jaar een sollicitatie geweigerd wegens mobiliteitsproblemen?,1,1,1
Bij hoeveel van die dodehoekongevallen waren dodelijke slachtoffers te betreuren?,1,1,0
Hoeveel van die stagiair( s uit deze legislatuur komen later in een vaste tewerkstelling terecht op een kabinet?,1,1,1
In hoeveel van die ongevallen was een bromfiets betrokken?,1,1,0
Wat is de stand van zaken van de implementatie van het masterplan toegankelijkheid?,0,0,0
Welke controles zijn hierop?,0,0,0
Welke werkwijze zal daarbij worden gehanteerd?,0,0,0
Heeft de minister zicht op het aantal professionele jeugdwerkers die momenteel aan de slag zijn in Vlaanderen?,0,1,0
Hoeveel opleidingscheques werden er in 2020-2021 en 2021-2022 niet opgenomen?,1,1,1
Kan zij een reden geven waarom het kruispunt verdwenen is op de lijst in 2021?,0,0,0
Kan de minister een overzicht geven van het aantal meldingen en over de aard/het type van de meldingen?,0,1,0
Voor welk type van warmtepomp?,0,0,0
Kan ze die lijst ter beschikking stellen?,0,0,0
"Hoever staat het inmiddels concreet met ‘de Loopbaan’, de loop-, beweeg- en sportcircuits in kmo-zones?",0,0,0
Tegen wanneer zullen de problemen in kaart gebracht worden?,0,0,0
Hoeveel hebben andere financiële vergoedingen genoten? Graag absolute aantallen en procentuele aantallen?,1,1,1
Kan de minister deze gegevens in een Excelbestand aanleveren?,0,1,0
Hoe evalueert de minister deze cijfers?,0,1,0
Wat is de geambieerde frequentie van de doorlichtingen?,0,0,0
Is dat voor Lantis en de Vlaamse overheid een optie?,0,0,0
"Hoeveel personen kregen een tegemoetkoming voor de huur van het hulpmiddel in 2021, in 2020 en in 2019?",1,1,1
"Zijn er op de dag van vandaag indicaties dat het afvalwater bepaalde normen overschrijdt? Zo ja, welke?",0,0,0
"Kan de minister per gemeente voor 2021 een overzicht geven van: het aantal aanvragen voor omgevingsvergunningen tot ontbossing; het aantal en het aandeel aanvragen voor omgevingsvergunningen tot ontbossing die gunstig werden geadviseerd door het Agentschap voor Natuur en Bos (ANB), evenals het aantal en het aandeel dat ongunstig werd geadviseerd; het aantal afgeleverde omgevingsvergunningen tot ontbossing; het aantal geweigerde omgevingsvergunningen; de oppervlakte bos die gekapt werd met een geldige omgevingsvergunning tot ontbossing; de oppervlakte bos die ontbost werd met een beslissing van ontheffing van verbod op ontbossing; het aantal aanvragen voor omgevingsvergunningen tot ontbossing die ongunstig werden geadviseerd door het Agentschap voor Natuur en Bos en waarbij toch een vergunning afgeleverd werd voor ontbossing?",0,1,0
Welke decretale aanpassingen zijn noodzakelijk om bovenstaande uitbreiding mogelijk te maken?,0,0,0
"Heeft VDAB voor zichzelf doelstellingen bepaald die moeten worden gehaald opdat het project verlengd zou worden? Zo ja, om welke doelstellingen gaat het concreet?",0,0,0
"Indien er een doorverwijzing is, wie zijn de doorverwijzers meestal?",0,0,0
Hoeveel jeugdverblijven hebben hun vergunning op basis van het Toerisme voor Allen-decreet intussen wel al omgezet naar een erkenning op basis van het Logiesdecreet?,1,1,1
Hoeveel van de starters in 1B hadden een getuigschrift basisonderwijs (absolute getallen en percentage van het aantal starters in 1B)?,1,1,1
Kan de minister een overzicht per provincie bezorgen van de lokale besturen die onder andere na de webinars georganiseerd door het agentschap Digitaal Vlaanderen aangegeven hebben de smartphone-app aan te bieden aan hun inwoners?,0,0,0
Wat is de top 3 van redenen van niet-goedkeuring van een aanvraag voor subsidieadvies?,0,0,0
"Zo niet, waarom niet? Zo ja, welke initiatieven heeft de minister intussen al genomen of zal ze nog nemen om dit door de Werkgroep Institutionele Hervormingen gesignaleerde knelpunt weg te werken?",0,0,0
Hoe analyseert de minister de evolutie in deze cijfers?,0,1,0
"Is er voor het eerste werkingsjaar in een Vlaamse ondersteuning voorzien? Zo ja, in welke vorm?",0,0,0
Voor welke specifieke verkeersgebruiker is dit punt in het bijzonder gevaarlijk?,0,0,0
Blijft de tijdelijke brug tot nader bericht in gebruik of wordt naar een nieuwe vaste constructie gestreefd die wel in eigendom wordt gerealiseerd?,0,0,0
Zijn hiertoe al initiatieven genomen?,0,0,0
Hoeveel werkzoekenden stroomden in de periode 2019 tot heden door naara) een opleiding voor syndicus; een functie als syndicus?,1,1,1
Hoe evalueert de minister het derde aangehaalde pijnpunt?,0,0,0
Welke vertraging door deze weigering verwacht de minister op de realisatie van het totale project R4WO?,0,0,0
"Acht de minister bijkomende maatregelen nodig? Zo ja, welke maatregelen zal ze nemen?",0,0,0
Wat is de uitstroom van chauffeurs bij De Lijn Antwerpen?,1,0,0
"Zijn ze bestemd voor de A400M, de Eurofighter of een ander vliegtuig?",0,0,0
Wat waren de specifieke redenen waarom de minister-president zelf de vergunning heeft goedgekeurd (niet in delegatie beslist)?,0,0,0
"Is het project ‘Vervangen sluisdeuren sluizen Briegden en Neerharen’ (VV026 Blue Deal MOW) overgezet naar een regulier investeringsplan? Zo ja, met welk budget?",1,0,0
Hoe vaak werd een vrijstelling van jaarlijkse verkeersbelasting voor occasioneel vervoer aangevraagd?,1,0,0
"Zo niet, waarom (nog) niet?",0,0,0
Wat zijn de redenen daarvoor?,0,0,0
Welke extra inspanningen zal de minister doen om de verschillende beleidsdomeinen op elkaar af te stemmen?,0,0,0
"Kan de minister ook telkens een opsplitsing geven per vredegerecht waar de opname bevestigd werd, hoelang de gedwongen opname duurde, het geslacht van de opgenomen persoon, en de reden van de opname?",0,0,0
Op welke termijn kan de bouw van een museum/loods gerealiseerd worden?,0,0,0
Hoe evolueert het aantal vluchtboekingen uit de voor Vlaanderen belangrijkste Europese herkomstmarkten sedert begin 2022?,1,1,0
Waarom werd deze aanvraag niet in delegatie gegeven?,0,0,0
Kan de minster de huidige stand van zaken geven van dit dossier?,0,0,0
Wanneer vond het laatste overleg plaats met de verschillende partners?,0,0,0
Graag ontvang ik ook de communicatie die daarover werd gevoerd met de betrokken diensten.,0,0,0
Zijn er aanvragen vanwege de culturele sector waarvoor nog geen beslissing tot toekenning dan wel weigering is genomen?,0,0,0
Hoeveel dringende opvangplaatsen zijn er momenteel per provincie?,1,1,1
Welke ongevalscore heeft dit kruispunt?,0,0,0
Wat is de visie van de minister op buitenlandse inwonende zorgverleners?,0,0,0
Wat is de gemiddelde wachttijd voor het toekennen van middelen aan de schoolbesturen zodat ze van start kunnen gaan met hun bouwproject?,1,0,0
Welk percentage maken zij uit van het totaalaantal gevallen dat deze vermindering geniet?,1,1,0
Hoeveel gemeenschappelijke initiatieven werden genomen?,1,1,1
Hoe evalueert de minister de wijzigingen die eind 2022 werden doorgevoerd?,0,0,0
"Kan de minister, als er niet-goedgekeurde West-Vlaamse aanvragen zijn, uitleggen waarom ze niet goedgekeurd zijn?",0,0,0
Wat is een mogelijke verklaring en hoe evalueert de minister de cijfers?,0,1,0
"Zo ja, wat is de impact van die stoffen op de kringloop waar ze in terechtkomen?",0,0,0
"Zijn er HK-nummers ingetrokken op basis van brandveiligheid? Zo ja, hoeveel?",1,1,0
"Hoeveel land- en tuinbouwbedrijven stopten sinds 2014 jaarlijks in West-Vlaanderen, met als reden voor de stopzetting het faillissement van het bedrijf?",0,1,1
Kan ook hier een update gegeven worden?,0,0,0
"In zijn antwoord op een parlementaire vraag (nr. 254 van 5 januari zei hij dat het eindrapport van het onderzoek verwacht wordt in maart Nam de minister al kennis van het eindrapport van het onderzoek ‘Monitoring en evaluatie van het decreet betreffende het jeugddelinquentierecht’? Zo ja, wat zijn de belangrijkste bevindingen?",0,0,0
"Op welke manier worden de lokale besturen van onder meer Lennik, Roosdaal en Dilbeek betrokken bij de werken en op de hoogte gehouden van het proces?",0,0,0
"Heeft het gebruik van de BELRAI-screener ook geleid tot wijzigingen van het recht op het zorgbudget voor ouderen met een zorgnood, of de hoogte ervan?",0,0,0
Met welke deurwaarders werkt de minister samen?,0,0,0
Op welke manier speelt het STOP-principe bij deze afwegingen?,0,0,0
Zijn die parameters dezelfde voor de piekbelasters landbouwbedrijven versus mestverwerkers?,0,0,0
"Valt die ongelijke behandeling te rechtvaardigen op reële, pertinente en proportionele gronden? Zo ja, op grond van welke redenen valt dat te rechtvaardigen?",0,0,0
Wat was het resultaat?,0,0,0
Welke kosten waren in 2023 verbonden aan die verplaatsingen?,1,0,0
Hoeveel mogelijkheden zijn er momenteel (in totaal) om wagens op waterstof te laten ‘tanken’?,0,1,1
Wat waren de conclusies van dat overleg?,0,0,0
Wat is de huidige modal split voor personenvervoer/woon-werkverkeer in de Antwerpse haven?,1,0,0
"Hierover de volgende vragen voor elke entiteit afzonderlijk binnen het beleidsdomein Landbouw en Visserij (: Departement Landbouw en Visserij, Instituut voor Landbouw-, Visserij- en Voedingsonderzoek (ILVO), Strategische Adviesraad voor Landbouw en Visserij Hoeveel personeelsleden werden in 2023 aangeworven?",0,1,0
Op welke manier kunnen bewoners een bloedonderzoek aanvragen?,0,0,0
"Gezien de aanhoudende klachten over geluid en trillingen, overweegt de minister om ter hoogte van het plateau trillings- en geluidsmetingen te laten doen? Zo ja, wanneer kan dat worden ingepland?",0,0,0
Beschouwt de minister aangelegenheden zoals dierenwelzijn of ideologische overwegingen b.t. vleesconsumptie als zaken die los moeten blijven staan van beoordelingen van vergunningsaanvragen?,0,0,0
Hoe evalueert de minister dit?,0,0,0
Kan de minister meedelen welke enveloppes nog uitstaan waarvan de middelen nog niet werden toegewezen?,0,0,0
Welke conclusies trekt hij eruit met betrekking tot de werking van het Huis van het Nederlands Brussel?,0,0,0
Kan de minister in tabelvorm een overzicht bezorgen van de aanvragen tot ondersteuning bij het Nederlandstalige justitiehuis van Brussel?,0,0,0
Wat is de huidige status van dit verkeerspunt?,0,0,0
Op welke punten zal er bijgestuurd worden?,0,0,0
"Het subsidieregister beperkt zich tot toegekende subsidies sinds Kan de minister een overzicht geven van alle subsidies en andere tegemoetkomingen (bijvoorbeeld premies enzovoort) die Van Hool, rechtstreeks of onrechtstreeks, uit de Vlaamse begroting heeft ontvangen sinds 2014?",0,0,0
Hoeveel van die bestekken bevatten bepalingen inzake maatschappelijk verantwoord ondernemen?,1,1,1
Hoeveel ambtenaren hebben de thuiswerkvergoeding voor internet genoten?,1,1,1
Hoeveel klachten ontvingen de steden en gemeenten over gebreken en problemen bij huurwoningen?,1,1,1
"Zo niet, zou het geen goed idee zijn om die oefening toch eens te maken?",0,0,0
Op welke vlakken kan en zal samengewerkt worden?,0,0,0
Bestaan hier effectief reguliere prijzen voor?,0,0,0
Wat houden deze werken opgenomen in het ontwerp GIP 2024 precies in?,0,0,0
Kan de minister extra informatie geven over de plannen tot of visie op de heraanleg van de Turnhoutsebaan?,0,0,0
Wanneer zal deze smartphone-applicatie gelanceerd worden?,0,0,0
Zijn er bijzondere evoluties op te merken?,1,0,0
Is de minister-president zich bewust van deze cijfers en de uitdagingen die hieraan verbonden zijn?,0,1,0
"Werden er door de Vlaamse overheid aan de lokale besturen richtlijnen meegegeven met betrekking tot het vergunnen van tiny houses? Zo ja, om welke richtlijnen gaat het?",0,0,0
Welk budget voor energiescans werd uitgetrokken voor 2024?,1,0,0
Is de minister van plan om in de nabije toekomst verdere initiatieven te nemen om de leegstaande handelspanden opnieuw te laten activeren?,0,0,0
Wat zijn de eerste bevindingen en dan in het bijzonder voor 2021?,0,0,0
Is dit al voor alle moskeeën gebeurd?,0,0,0
Hoeveel procent van hun tijd besteden ze aan louter groenbeheer?,1,1,1
"Zo niet, welke extra maatregelen/initiatieven zal hij nemen?",0,0,0
"Wanneer er extra budgetten zijn toegekend, waarvoor zullen die specifiek worden aangewend?",0,0,0
Welke en hoe frequent?,0,0,0
Kan de minister een overzicht geven van het aantal verleende vergunningen voor activiteiten waarvoor een passende beoordeling noodzakelijk bleek?,0,1,0
Graag ook de gegevens in Excel-bestand.,0,1,0
Is er intussen al een structurele verankering van de afstandstolkendienst in de werking van het CAB?,0,0,0
Kan de minister toelichten waarom het opvoeren van dierlijke mest (die massa’s vogels aantrekt) toegestaan is op het vliegveld ondanks de verplichting in de afwijking en het wildbeheerplan van de LEM om er alles aan te doen om geen dieren aan te trekken?,0,0,0
Kan de minister ook daarvan een percentage geven per provincie en volgens leeftijd?,0,1,0
"Hoeveel vrij ingeschreven deeltijdse werknemers zonder IGU zijn ingeschreven bij VDAB? Graag een overzicht per maand, sinds 2014?",1,1,1
"Indien de studie niet is opgestart, wat is de reden?",0,0,0
Worden de resultaten gestandaardiseerd?,0,0,0
"Na een traject met stakeholders en bevoegde overheden zoals het Departement Mobiliteit en Openbare Werken (MOW), de Vereniging van Vlaamse Steden en Gemeenten (VVSG), netbeheerder Fluvius, de stad Mechelen, de gemeenten Dilbeek en Halle, de Universiteit Gent (Faculteit Ingenieurswetenschappen en Architectuur) en het ondersteuningsplatform Gezonde Publieke Ruimte van het Agentschap Zorg en Gezondheid van de Vlaamse overheid, heeft het Team Vlaamse Bouwmeester een aanbevelingsnota gepubliceerd op https://vlaamsbouwmeester.be/nl/nieuws/aanbevelingsnota-elektrisch-laden-de-publieke-ruimte?ct=t(N_COPY_01) .",0,0,0
In hoeverre is de minister actief betrokken geweest bij de opmaak van het charter hierbij zijn input?,0,0,0
"Wordt er bij de aanpak van dit gevaarlijk punt samengewerkt met andere partners? Zo ja, welke?",0,0,0
"Kan de minister een nauwkeurige omschrijving geven van de uit te voeren werken voor het vernieuwen van de jachthaven van Doel, tweede fase en aanmeersteiger?",0,0,0
Heeft de minister deze legislatuur relatiegeschenken geweigerd?,0,0,0
Vanaf wanneer zal het examen effectief kunnen worden afgelegd met een speedpedelec?,0,0,0
Wat is de top 10 van de zwarte punten in Vlaanderen?,1,0,0
Om hoeveel unieke zorgvragers gaat dit?,1,1,0
Kan de minister het antwoord nader duiden?,0,0,0
Hier moet voldaan worden aan formele (wettelijke bepalingen) en inhoudelijke (past dit in het traject naar werk?) voorwaarden.,0,0,0
"Welke initiatieven worden er binnen de onderwijssector nog genomen om vrouwelijke genitale verminking te voorkomen of, indien de verminking al is gebeurd, te melden?",0,0,0
Acht ze het opportuun om verder te blijven investeren in een betere begeleiding van immigranten om mensen met de juiste kwalificaties op de juiste plaats te krijgen?,0,0,0
Ziet de minister de afgelopen maanden een kentering in de populariteit van PTOW?,1,0,0
Hoe verhoudt het aantal erkende Vlaamse productievennootschappen (podiumkunsten) zich tegenover het aantal Waalse en Brusselse (situatie op 31 december ?,1,1,0
Zijn er al eerste resultaten voorhanden?,0,0,0
"Dit met bijbehorende uitgaven, jaarlijks voor de periode 2016-Hoe vaak werd een verlenging van de VOP aangevraagd?",1,0,0
"Zo niet, waarom werden er nog geen bidirectionele laadpalen elders geplaatst?",0,0,0
Hoeveel kortingspercentages werden opgelegd naar aanleiding van beheersovereenkomsten die niet correct werden nageleefd?,1,1,1
Hoe zal deze campagne eruitzien?,0,0,0
Kan de minister een overzicht geven van de acties binnen zijn/haar respectieve bevoegdheden die opgenomen worden in het Vlaamse fietsactieplan?,0,0,0
Kunnen ze hiervoor een beroep doen op externe partners?,0,0,0
Zal er prioritair worden ingezet op het opsporen en aanpakken van die scholen waar er dringend te verwijderen asbesttoepassingen zijn?,0,0,0
Is het aanwezige conflict met de tram weggewerkt?,0,0,0
"Hoeveel werd bespaard op het personeelbestand voor de overheidsorganisaties Departement Omgeving, INBO (Instituut voor Natuur- en Bosonderzoek), ANB (Agentschap voor Natuur en Bos), VEA (Vlaams Energieagentschap), OE (Onroerend Erfgoed), Wonen-Vlaanderen, de OVAM (Openbare Vlaamse Afvalstoffenmaatschappij), de VMM (Vlaamse Milieumaatschappij), de VLM (Vlaamse Landmaatschappij), VMSW (Vlaamse Maatschappij voor Sociaal Wonen),Minaraad (Milieu- en Natuurraad van Vlaanderen) en SARO (Strategische Adviesraad Ruimtelijke Ordening - Onroerend Erfgoed) in 2019, 2020, 2021 en 2022?",1,1,1
Hoeveel dossiers zijn reeds ontvankelijk verklaard en staan op de wachtlijst van de nog goed te keuren premies?,1,1,1
Kan een overzicht gegeven worden welke werken uitgevoerd werden aan dit jaagpad?,0,0,0
"Hoeveel procent van de gronden, aangekocht tussen mei 2022 en januari 2023, was op het moment van aankoop verpacht?",1,1,1
Hoe kan de Vlaamse Regering verklaren dat het mentaal welzijn bij lgbtqi+-personen lager ligt in Vlaanderen?,0,0,0
Is er zicht op de kosten die woonzorgcentra aanrekenen als supplement bovenop de dagprijs?,0,0,0
Kan de minister een overzicht geven van de specifieke promotionele acties in het buitenland die door Toerisme Vlaanderen uitgevoerd werden voor deze toeristische regio?,0,0,0
Wat is daarvoor de timing en de begroting?,1,0,0
Hoeveel gemeenten of intercommunales kregen een toekenning van de subsidie?,1,1,1
Hoeveel verzekeringen gewaarborgd wonen werden in 2023 aangevraagd/toegekend?,1,1,1
Kan de minister bevestigen dat het proces rondom de onteigeningen vertraging oploopt wegens het niet geactualiseerd zijn van de nodige plannen?,0,0,0
Hoeveel initiatieven werden van 2017 tot nu (tijdelijk) geschorst en met welke redenen?,1,1,1
Tegen wanneer is de onteigening gepland?,0,0,0
Hoeveel werd er in 2022 geïnvesteerd in fietsinfrastructuurprojecten in Limburg?,1,1,1
In hoeveel gevallen werd er gevolg gegeven aan de klacht en/of werd er een proces-verbaal opgemaakt?,1,1,0
Hoeveel klachten zijn daar al ontvangen?,1,1,1
Hoeveel dieren werden er in 2021 opgevangen?,1,1,1
Ziet de minister ter zake een evolutie?,0,0,0
Welke verplichtingen zijn er in deze overeenkomst opgenomen?,0,0,0
"Hoeveel langdurig zieken geven aan opnieuw gedeeltelijk aan de slag te willen gaan, maar kunnen door de huidige regelgeving niet van die mogelijkheid gebruikmaken?",1,1,1
Op welke criteria zal dit gebaseerd zijn?,0,0,0
Kan de minister ook telkens aangeven hoeveel van deze aanvragen er heel specifiek kwamen naar aanleiding van de hospitalisatie van het pasgeboren kind van langer dan 7 dagen?,0,1,0
"Gelieve hierbij ook het totaalbudget alsook het totaalbudget per weddeschaal Gelieve hierbij telkens het aantal personeelsleden (in vte’ aan te geven per deeleenheid (of in voorkomend geval per strategische doelstelling).Zijn er bijkomende aanwervingen in 2022 gepland? Zo ja, over welke profielen gaat dit precies?",1,1,0
In welke extra steden was School in zicht actief als gevolg van de extra projectmiddelen?,0,0,0
"De ontsluitingsweg, via Zuiddijk en Beekstraat, moet al het zware verkeer uit het centrum Welke onteigeningen moeten nog gebeuren in het kader van dit project?",0,0,0
Zijn er bijkomende maatregelen die getroffen kunnen worden om deze groep extra te begeleiden en te ondersteunen?,0,0,0
Hoeveel controles werden uitgevoerd per materiecluster en in totaal?,1,1,1
Wanneer vond het laatste overleg plaats met het stadsbestuur van Brugge over dit project?,0,0,0
Hoe is de verhouding tot andere boekingen via de My Flanders Pass?,1,0,0
Hoeveel biologische en chemische dualusegoederen werden er via uniale algemene vergunningen geëxporteerd en naar waar werden ze geëxporteerd?,1,1,1
Op welke manier heeft de Vlaamse Regering inspanningen geleverd om internationale contacten te onderhouden en internationaal talent aan te trekken?,0,0,0
Hoeveel controles werden door de dienst Dierenwelzijn uitgevoerd in dierenasielen?,1,1,1
In 2021 stond erbij genoteerd: “Onderzoek Lopende Basis.” Welke ongevalsscore heeft dit kruispunt? Graag een overzicht en een opsplitsing per jaar van de referentieperiode 2018-Waarom is dit punt niet langer opgenomen op de lijst met gevaarlijke punten?,1,0,0
"Indien de Vlaamse Regering niet over deze kapitaalintrede werd geïnformeerd, is ze dan van oordeel dat dit, gelet op het belang en het strategische karakter van het dossier, had moeten gebeuren?",0,0,0
Wat is de minimumfrequentie om te spreken van een bushalte?,1,0,0
Wat is het totaalbedrag aan enerzijds presentiegelden en anderzijds reis- en verblijfskosten die aan de leden van de Vlaamse expertencommissie risicovechtsporten vanaf de oprichting van deze commissie tot op heden werden uitbetaald?,1,0,0
Hoeveel werkzoekenden hebben dat in het verleden wél gedaan?,1,1,1
"Hoe verhoudt deze 1,8 miljoen zich tegenover het totaal geschatte omzetverlies van de landbouwbedrijven die getroffen werden door de no-regretmaatregelen?",1,0,0
Wie beoordeelde de kandidaturen en welke criteria werden daarbij gehanteerd?,0,0,0
Hoever staat het met de vervanging die goed uitgebouwde ondersteuning er trouwens uit?,0,0,0
"Zijn er daarnaast internationale samenwerkingen qua beheer, kennisdeling en ontwikkeling?",0,0,0
"Kan de minister een beeld schetsen van de algemene budgettaire gevolgen van de massa-immigratie, en daarmee ook het immigratiebeleid, op zijn/haar beleidsdomeinen?",0,0,0
"Zo niet, waar wordt er bewust geen beroep gedaan op uitzendkrachten;wat zijn de aangehaalde redenen;hoe lost men het probleem van tijdelijk toegenomen werk of het tijdelijk wegvallen van vaste werknemers dan op?",0,0,0
Hoeveel budgethouders werden aangeschreven?,1,1,1
Zijn er reeds cijfers die toelaten de filedruk vroeger en nu (na de opening van De Vlecht) te vergelijken?,0,1,0
Kan er meer informatie gegeven worden over GIP002765/01 - Investeringssubsidie ter ondersteuning van het fiets- en doortochtbeleid in schoolomgevingen ter waarde lijst van projecten die met dit budget uitgevoerd zullen worden?,0,0,0
Hoeveel werknemers hebben een outplacementbegeleiding gevolgd naar aanleiding ten opzichte van het totaalaantal personen dat een outplacementbegeleiding heeft gevolgd?,1,1,1
Voor welke studierichtingen kwamen deze studenten?,0,0,0
Welke interpretatie wordt er dan in de praktijk gegeven Welke initiatieven heeft de minister al genomen om dit probleem aan te kaarten en op te lossen en welk gevolg is daar desgevallend al aan gegeven?,0,0,0
"Wat is het standpunt van respectievelijk de Vlaamse minister van Omgeving, de Vlaamse minister van Mobiliteit en de Vlaamse minister van Volksgezondheid b.t. de door de werkgroep Institutionele Zaken voorgestelde bevoegdheidsoverdracht om emissiefraude en de daaruit voortvloeiende negatieve milieu- en gezondheidsaspecten Zullen de ministers in samenspraak met enerzijds de overige leden van de Vlaamse Regering en anderzijds hun ambtgenoten in de federale en de overige deelstaatregeringen, een initiatief nemen om deze bevoegdheidsoverdracht te realiseren?",0,0,0
"kernnet) of indien het vervoer de levensvatbaarheid van vergelijkbaar vervoer op de directe verbindingen in kwestie, waarvoor reeds een openbaredienstencontract is afgesloten, ernstig in het gedrang kan brengen.”Op welke manier ondersteunt de minister nu kantoorbussen?",0,0,0
Welke concrete werken zijn hiermee gepland?,0,0,0
Hoeveel onteigeningen dienen er te gebeuren voor de aanleg van dit fietspad?,1,1,1
Hoeveel niet-werkende werkzoekende 45-plussers volgden een prestarterstraject in 2023?,1,1,1
Wat is de verdere timing en planning van het project?,0,0,0
Wat waren per project/onderzoek de beoogde doelstellingen van de in de huidige legislatuur ondersteunde projecten en onderzoeken van het Vlaams Aquacultuurplatform?,0,0,0
"In hoeverre noopt de evolutie in het aantal dossiers slachtofferonthaal tot versterking Hoeveel medewerkers waren er op datum van 31 december 2023 werkzaam in de verschillende justitiehuizen, opgedeeld naar justitiehuis en specifieke taakstelling per justitiehuis?",0,1,0
Hoe wordt dat dan concreet aangepakt?,0,0,0
Welke beweegredenen gingen schuil achter deze aanpassingen?,0,0,0
Welke opvolging is er voor deze scholen?,0,0,0
Wat is de stand van zaken van het verkeerspunt Camille Huysmanslaan en Jan De Voslei?,0,0,0
Zijn hun installaties daar klaar voor?,0,0,0
Wat is de gemiddelde doorlooptijd van een dossier van aanvraag tot mededeling beslissing?,1,0,0
Wanneer is er laatst nog overleg gepleegd met alle stakeholders?,0,0,0
Graag ook de gegevens in Excel-bestand.,0,1,0
Hoe is het aantal controles de afgelopen twee jaar geëvolueerd?,1,1,0
Wat zijn de resultaten?,1,0,0
Wat is de stand van zaken in verband met het uitwerken van de minimumnormen voor het houden van kalkoenen?,0,0,0
"Kan de minister een overzicht geven voor de periode 2020-2022, in totaal en per jaar?",0,0,0
Hoe apprecieert de minister deze evolutie van de cijfers?,0,1,0
Kan de minister toelichten of de initiatieven van de pleegzorggemeenten merkbare positieve effecten hebben gehad; hebben er het afgelopen jaar bijvoorbeeld meer gezinnen zich aangemeld als pleeggezin ten opzichte van de vorige jaren?,0,0,0
"Wat is de invloed van de samenwerking tussen Zuid-Afrika, Rusland en China op de werking van de post?",0,0,0
"Indien er opleidingsmomenten worden georganiseerd, wanneer staan er nog gepland en wat zijn de doelen met betrekking tot het aantal deelnemers?",0,1,0
Krijgen woonzorgcentra feedback op de wijze waarop ze participatie organiseren?,0,0,0
Kan de minister een overzicht geven van de evolutie van het aantal leerlingen met een beperking in het gewoon tegenover het buitengewoon onderwijs in het huidige en de 4 voorgaande schooljaren?,0,1,0
Hoeveel personeelsleden werden in 2022 aangeworven volgens een objectief wervingssysteem?,1,1,1
Wat is het concrete probleem op dit kruispunt?,0,0,0
"Op welke manier werden recente dossiers waarin ook veel bezwaren waren, behandeld?",0,0,0
Welke bijkomende maatregelen kan de minister daaromtrent eventueel nog nemen?,0,0,0
Hoeveel woningen zijn er in de periode 2019-2022 geschrapt van de inventaris ongeschiktheid en onbewoonbaarheid?,1,1,1
"Hoeveel kinderen maken deel uit van een gezin met een bruto belastbaar inkomen dat tussen de 526,91 en 281,40 euro ligt?",1,1,1
Hoeveel studenten hebben op 30 oktober 2022 al een aanvraag ingediend of lopende tot studietoelage?,1,1,1
Over welke tewerkstelling gaat het?,0,0,0
Hoe evalueert de minister de resultaten van de derde projectoproep?,0,0,0
Welke opportuniteiten ziet het DKBUZA in dit initiatief?,0,0,0
Wat zijn daarvan de resultaten?,0,0,0
Welke stappen dienen er nog te gebeuren voor de uitvoering van de werken aangevat kan worden?,0,0,0
"Hoeveel keer betrof het beschadigingen aan de buiteninstallatie zoals graffiti, brandstichting, inslag van vreemde voorwerpen enzovoort zonder dat dit tot gevolg had dat de flitspaal niet meer kon functioneren?",1,1,1
Hoeveel budget werd hiervoor gereserveerd?,1,1,1
Hoe ziet de minister de verderzetting van het klimaatadaptatieplan?,0,0,0
Met de antwoorden uit de enquête wil het agentschap ondernemers informatie op maat kunnen geven en hen toeleiden naar de meest aangewezen begeleiding.” Hoever staat men met dit onderzoek?,0,0,0
Wat is de top 3 van aanbevelingen die aan bedrijven gedaan worden?,0,0,0
Kan een concreet overzicht gegeven worden van de verdeling van de middelen binnen deze steunmaatregel?,0,0,0
Is de minister tevreden over het resultaat van de projectoproep?,0,0,0
Welk verder gevolg werd/wordt gegeven aan de gedane vaststellingen?,0,0,0
Is de minister van plan om in de toekomst projectsubsidies toe te kennen aan Modem?,0,0,0
Werden inmiddels alle bedrijven langs de Scheldelaan voorzien van een fietspad en een veilig (al dan niet lichtengeregeld) oversteekpunt?,0,0,0
Onder welk reeds bestaand steunmechanisme kunnen zij op hun beurt ondersteuning krijgen om de gestegen kosten (deels) op te vangen?,0,0,0
"En zo ja, op welke manier?",0,0,0
Zijn er verschillen tussen provincies of loopbaancentra?,0,0,0
Wat is de huidige raming van het benodigde budget?,1,0,0
"Zo niet, waarom niet? Zo ja, welke initiatieven zal de minister daarvoor uitvaardigen (inclusief vermelding tijdspad)?",0,0,0
Welke sites komen er naast Bulskampveld nog in aanmerking om opgenomen te worden in het onroerenderfgoedrichtplan?,0,0,0
"Is het mogelijk de op de website van de VLM ontbrekende verslagen van 2020, 2021 en 2022 alsnog te publiceren? Zo ja, wanneer kan dat gebeuren?",0,0,0
Met welke partners werd dit akkoord afgesloten?,0,0,0
Acht de minister het noodzakelijk om de interpretatie op de website van de Vlaamse overheid te laten aanpassen?,0,0,0
Welke acties of initiatieven zal de minister of zijn administratie op korte of middellange termijn opzetten om een inhaalbeweging inzake digitalisering van deze data in te zetten?,0,0,0
"Wat is de stand van zaken van de renovatie van het kasteel van Bouchout en Pachthofzone, de bouw van een nieuw technisch gebouw en de bezoekersparking?",0,0,0
Hoeveel deelnemers werden aangebracht door:VDAB;Travi;andere?,1,1,1
"Kan de minister meer duiding geven over de andere mogelijkheden om de overstromingsrisico’s verder te reduceren, waarbij ook meerwaarde voor o.a. natuur en toerisme gecreëerd kan worden?",0,0,0
"Graag vraag ik meer informatie over de specifieke investeringen met betrekking tot de gemeenten Wommelgem, Boechout en Borsbeek.",0,0,0
"Zo niet, waarom niet?",0,0,0
Wat is de stand van zaken van de 86 zwarte punten in Oost-Vlaanderen?,0,0,0
"Hoe werden deze projecten desgevallend geëvalueerd, en hoe vertaalt de minister dit in het land- en tuinbouwbeleid?",0,0,0
Kan de minister een overzicht geven van alle sociaal-toeristische bemiddelingskantoren die in 2023 een forfaitaire subsidie hebben aangevraagd?,0,0,0
Hoeveel keer werd de jobbonus in totaal uitbetaald tot nu toe?,1,1,1
"Hoeveel gebouwen die de Vlaamse overheid in eigendom of gebruik heeft, staan leeg, zijn ongeschikt en onbewoonbaar, verwaarloosd of gekraakt?",1,1,1
"Om een overzicht te krijgen op de ontwikkeling van De Lijn in een stedelijke context, graag antwoord op volgende vragen:Graag een overzicht van het aantal bus- en tramhaltes in de centrumsteden per jaar, sinds Aan hoeveel van die haltes (aantal en %) kunnen personen met een rolwagen vandaag zonder hulp instappen?",1,1,0
Hoeveel wzc’s gingen daar op in?,1,1,1
In welke mate werden die gevolgd door de justitieassistenten?,0,0,0
Infosessie Iedereen Verdient Vakantie10/08/2023 Kennismakingssessie sociale organisaties8/09/2023 Kennismakingssessie sociale organisaties11/09/2023 ROS ontmoeting West-Vlaanderen18/09/2023 Kennismakingssessie sociale organisaties5/10/2023 Forum Iedereen Verdient Vakantie 10/10/2023 Kennismakingssessie sociale organisaties14/10/2023 Beleidsdag Kazou19/10/2023 1e sessie begeleidingstraject sociaal toeristische organisaties23/10/2023 Kennismakingssessie VRIJUIT & Iedereen Verdient Vakantie27/10/2023 Hoe Boek Je?,0,0,0
Is de optie onderzocht om doorheen het gebied een knooppuntenroute voor ruiters te laten lopen?,0,0,0
"Zo niet, waarom niet?",0,0,0
"Wordt dit feestjaar van het Gentse MSK vanuit de administratie voor Toerisme ondersteund? Zo ja, op welke wijze?",0,0,0
Hoeveel van die controles waren een reactie op een melding?,1,1,1
Wat is de huidige kostprijs van de werking van de Brexit Helpdesk?,1,0,0
Is er een minimumresponsgraad?,0,0,0
"Hoe werden die externe partijen aangesteld (overheidsopdracht, procedure enzovoort)?",0,0,0
Hoe verloopt het grotere Masterplan Toegankelijkheid dat er onder andere voor moet zorgen dat alle bus- en tramhaltes van het hoppinpunt toegankelijk moeten zijn voor mensen met een beperking tegen 2030?,0,0,0
Hoeveel boeren vielen in de periode 2015 tot en met 2023 onder de definitie actieve landbouwer?,1,1,1
Op welke manier zal Promaz in eerste en tweede instantie gefinancierd worden?,0,0,0
Bestaan er cijfers naargelang van de aard van de dienstverlening of zorgorganisatie?,0,1,0
Vond er al een overleg plaats met het lokale bestuur of is er een overleg gepland?,0,0,0
"Op welke manier zette VLM de Grondenbank in om onroerende goederen uit de agrarische structuur te verwerven, ruilen, beheren en/of over te dragen; grondreserves aanleggen voor ruil in functie van projecten voor bosuitbreiding of natuurbehoud; landbouwbedrijven die niet gelegen zijn in de agrarische structuur verplaatsen naar de agrarische structuur; aanbiedingen, kennisgevingen en aanvragen ontvangen en doorsturen met betrekking tot de decretale rechten van voorkoop of decretale koopplichten?",0,0,0
Binnen welke termijn?,0,0,0
"Cijfers graag per jaar voor de periode 2019 tot en met Hoeveel inactieven heeft VDAB in de periode 2019 tot en met 2023 bereikt via outreachende acties? Graag een overzicht per jaar en daarbinnen per categorie van inactieven (langdurig zieken, werkloos met bedrijfstoeslag (SWT’ers), huismoeders en -vaders enzovoort)?",1,1,0
"Zo niet, wat dan wel en hoe verzekert de minister desgevallend de verdere uitrol na 2024?",0,0,0
"Kan de minister voor elk van deze te koop staande, verwaarloosde of ongeschikte woningen in eigendom van de Vlaamse overheid, volgende informatie geven: Wat zijn het kadastraal inkomen (KI) en de reële marktwaarde van de woning?",0,0,0
Welke timing en verdere stappen worden hierbij gehanteerd?,0,0,0
In welke stedenbouwkundige gebieden en onder welke voorwaarden kan men een hondenkwekerij uitbaten?,0,0,0
Hoeveel daarvan zijn industrieel?,1,1,1
Zo ja:over hoeveel klachten gaat het?,0,1,0
Het project werd nu voor twee jaar verlengd Op basis van welke criteria werd dit project verlengd?,0,0,0
Welke eventuele extra beleidsmaatregelen zullen de ministers nog nemen om de status van het Nederlands te bevorderen bij de publicatie van bevindingen van wetenschappelijk onderzoek?,0,0,0
Hoeveel bedraagt het budget dat in 2023 vrijgemaakt werd teneinde Promaz zijn werk te laten doen?,1,1,1
Wat is de raming van het budget dat nodig is voor de effectieve werkzaamheden?,1,0,0
Zijn er daarbij bepaalde tendensen te zien?,0,0,0
Op welke manier worden deze dossiers verder afgehandeld?,0,0,0
"Zo niet, waarom is dit plan nog steeds niet opgeleverd?",0,0,0
Zijn ze al aangeduid in elke betrokken centrumstad?,0,0,0
Kan de minister een overzicht geven van hoeveel doelgroepen én bedrijven deze aanpak al hebben genoten?,0,1,0
Waarom tekenen spelers uit de culturele sector niet in op de voor hen beoogde steunmaatregelen?,0,0,0
Worden leerlingen hierover geïnformeerd en wordt er ook bij vermeld dat het kan gaan over SOGIE-thema’s?,0,0,0
"Kan de minister een overzicht bezorgen van het totaalaantal UBBP’s die door het ANB moesten onderzocht worden en die hebben geleid tot het opstellen van een evaluatieverslag met het oog op de omzetting naar een NBP, alsook meedelen hoeveel als NBP werden beschouwd, en anderzijds wel aanvullingen of wijzigingen behoefden en een NBP-goedkeuringsprocedure moesten doorlopen?",0,1,0
Kan de minister een overzicht geven van het aantal geproduceerde aardappelen in Vlaanderen sinds 2005?,0,1,0
Welke maatregelen worden genomen om het park en de collecties te beschermen bij grote bezoekersaantallen?,0,0,0
Welke beleidskeuze heeft de minister hierbij gemaakt of zal hij maken?,0,0,0
Is tijdens die bilaterales de aankoop vanwege het ANB vanuit de Boerenbond aangehaald als argument om de aankooppolitiek van het ANB in een kwaad daglicht te stellen?,0,0,0
In hoeverre is de entiteit al ingestapt in het project ‘Gemeenschappelijke dienstverlening rekrutering en selectie’?,0,0,0
Wat is de totale kostprijs van deze opleidingen?,1,0,0
Kan de minister meer duiding geven bij de aard van de kosten waarvoor de culturele spelers tegemoetkoming gevraagd (en gekregen) hebben via het Brexit Adjustment Reserve-mechanisme?,0,0,0
Welke algemene conclusies en/of beleidsaanbevelingen kunnen Toerisme Vlaanderen en de minister trekken uit deze resultaten?,0,0,0
Hoeveel daarvan waren naar aanleiding van een melding?,1,1,1
?,0,0,0
Hoe evalueert de minister de renteloze lening voor noodkoopwoningen tot nu toe?,0,0,0
Waren er naast AWV ook nog andere partijen die instonden voor de financiering?,0,0,0
Hoeveel personen met een handicap of chronische ziekte (zoals vooropgesteld door de dienst Diversiteitsbeleid) telt het kabinet?,1,1,1
Wat is de gemiddelde leeftijd waarop personeelsleden van het VEKA op pensioen gingen in 2022-2023?,1,0,0
Volgens welke cijfers werd dit berekend?,1,1,0
Welke eventuele (niet-)infrastructurele maatregelen of verbeteringen zijn nog gepland?,0,0,0
Hoeveel woningen bleven leegstaan?,1,1,1
Zal de omvorming van het huidige DMO-systeem naar een systeem van vliegende brigades nog deze legislatuur worden beslist en uitgevoerd?,0,0,0
"Ziet de minister een verband tussen deze evolutie en de stijgende prijzen voor eieren? Zo ja, welke initiatieven/maatregelen acht hij opportuun?",0,0,0
Maakt dit punt opnieuw deel uit van de geactualiseerde lijst van gevaarlijke punten in 2021?,0,0,0
Sinds wanneer staat het op de lijst van zwarte kruispunten?,0,0,0
Welke inspanningen kunnen geleverd worden om de invoering van meetregime 3 te stimuleren?,0,0,0
Wat was het gemiddelde bedrag van de huurachterstand waarvoor het FBUH moest tussenkomen?,1,0,0
Zal deze target gehaald worden?,0,0,0
Hoeveel aanvragen waren onontvankelijk?,1,1,1
Hoe evalueert de minister de laatste klanttevredenheidsmeting van het Agentschap Informatie Vlaanderen?,0,0,0
Communiceert de Openbare Vlaamse Afvalstoffenmaatschappij na het klanttevredenheidsonderzoek nog naar de respondent over wat men doet met de resultanten van het onderzoek?,0,0,0
Hoeveel IBO-contracten werden naar aanleiding van de covidpandemie: definitief stopgezet; tijdelijk stopgezet en nadien hervat; tijdelijk stopgezet en nog niet hervat?,1,1,1
"Wat zijn de volgende stappen die ondernomen zullen worden, zoals vastgelegd door de projectpartners?",0,0,0
Zal deze campagne herhaald worden in de toekomst?,0,0,0
Hoeveel onderwijspersoneel maakte in deze periode gebruik van de fietsvergoeding?,1,1,1
Hoe evalueert de minister het aantal aanvragen dat tot dusver is ingediend en finaal geselecteerd specifiek rond toerisme?,0,1,0
"Hoeveel trajectstarters zijn niet geslaagd voor de niet-verplichte ijkingstoets/starttoets en hoeveel studenten hebben vervolgens de studie niet aangevat? Graag een overzicht per academiejaar en opleiding, sinds de invoering Kan de minister een overzicht geven van het aantal trajectstarters dat in het eerste jaar van de opleiding afgehaakt is voor een opleiding met een niet-bindende verplichte ijkingstoets/starttoets?",1,1,1
"Zal het stookadvies worden verfijnd naar regionaal niveau? Zo ja, zijn daar concrete plannen voor?",0,0,0
Voor de administraties die het streefcijfer van 3% niet haalden: welke maatregelen werden de laatste twee jaren genomen om toch meer het streefcijfer te benaderen?,0,0,0
"Kan ze een overzicht geven van de timing, per snelwegparking, en meedelen wanneer de werken zullen worden afgerond?",0,0,0
Hoeveel gemeenten hebben dat meldpunt geplaatst bij een gemeentelijke dienst?,1,1,1
"U kan de definitieve plannen vinden op de website: https://ec.europa.eu/social/main.jsp?catId=1428&langId=nlDe drie stellingen voor de toekomst van de Vlaamse kinderopvang die u vermeldt, dateren uit een voorlopige, eerste mogelijk voorstel, dat reeds een hele tijd geleden werd bezorgd.",0,0,0
"Wat is het totale ingekohierde bedrag voor de registratiebelasting voor de aanslagjaren 2009, 2010, 2011, 2012, 2013, 2014, 2015, 2016, 2017, 2018, 2019, 2020 en 2021?",1,0,0
Hoe verloopt de samenwerking tussen VDAB en CEWEZ?,0,0,0
Hoe verhouden bovenstaande cijfergegevens zich tegenover voorgaande jaren?,1,0,0
"Is het correct dat er een probleem is bij de machtiging van politieagenten om bovenvermelde fiscale pv’s uit te schrijven? Zo ja, hoe komt dat en sinds wanneer is dit zo?",0,0,0
Hoeveel vergaderingen van het proactief stakeholdersoverleg (SHO) hebben plaatsgevonden sinds zijn oprichting?,1,1,1
Wat waren de belangrijkste criteria binnen de gunningsprocedure?,0,0,0
"Wat is de motivatie hiervoor, de stand van zaken en het nodige budget?",0,0,0
Acht de minister het aangewezen te voorzien in een onafhankelijke ombudsdienst voor de uitvaartsector?,0,0,0
Wanneer is de start van de werken gepland?,0,0,0
